ID,TEMA,COR,SEMANA
45202d60-0f25-f2e7-7c71-111bbd34c3c9,AVCIsquêmico1,VERDE,1
98bac9d4-bc25-5566-d111-321b6f6a76a8,AVCIsquêmico2,VERDE,1
f470f4f9-62b8-a27d-30d9-3e4b02a4b1a7,AVCHemorrágicoIntraparenquimatoso,VERMELHO,1
b0015c03-b6de-9e0b-29f1-1c05b8acc680,Hemorragiasubaracnóidea(HSA),AMARELO,1
fe76f080-a7b2-442e-7b72-fc788f3993ea,HIV,VERDE,1
a0f0f18f-60d0-6b8a-a087-11c66c5f901d,DoençasoportunistasHIV,VERDE,1
a452bc8b-d762-5341-1c37-59628bcb69c9,AntibióticosI,VERDE,1
e4649222-5c61-f431-db2c-f560d34f87dc,AntibióticosII,VERDE,1
1c66b675-f9f1-af76-22aa-ef2bff0bc612,GasometriaarterialI,VERDE,1
951c9cf4-8a75-a074-4f75-c2cdd0560521,GasometriaarterialI,VERDE,1
bd260b0e-9dd2-04f3-b971-6dfda9d4d982,IntroduçãoaoExtensivo,VERDE,1
d0585c44-903e-9c82-50ee-0fbe463ab7d1,Trauma:Introduçãoaotrauma,VERDE,1
f7f2545e-2665-bf60-6dbf-36b37552219d,Trauma:ViasAéreas,VERDE,1
3e392c88-98ac-1728-0de0-83c50c044559,Trauma:Choque,VERDE,1
368dc65d-034f-1e81-b6be-265c711b48d0,Trauma:Ressuscitaçãohemostática,VERDE,1
2d9530cd-8f48-cb49-e891-3dce74a2a24c,Trauma:MedidasAuxiliareseFAST,AMARELO,1
15e7ec9d-806b-6696-bb62-52935f37daf3,Trauma:Populaçõesespeciais,VERMELHO,1
a31f9921-5c63-a17b-c186-c80b61643fc6,Trauma:RevisãoABCDE,VERDE,1
394af88f-1467-6339-a771-6ef5d2bf1f88,Aleitamentomaterno,VERDE,1
880c76cd-0cce-bf78-85a3-bfb5e9e37e01,AlimentaçãoInfantil,VERDE,1
092f9db2-e25b-8794-4a9e-e43fdcc2b13e,DesenvolvimentoInfantil,VERDE,1
c89623af-499c-3b87-a93a-b255913c47eb,TranstornosdoDesenvolvimento,VERDE,2
213d8062-88f9-e320-3f07-49d24b4c48a5,Concepçãosobresaúdedoença,VERDE,2
af0a3568-1698-e20b-2766-e6690a094593,NíveisdePrevenção,VERDE,2
f93e3214-582f-e64a-6e6f-f2a97471a612,ModificaçõesdoOrganismoMaterno,VERDE,2
1c44052a-786d-0bc6-2341-d19b8daeb5bb,AssistênciaaoPré-natal,VERDE,2
7508c069-9c3d-8eaa-8003-970a951b9519,UltrassonografiaemObstetricia,VERDE,2
6abac381-65af-6b99-66cf-e2ebc0fbb901,"Diabetes:Classificação,FisiopatologiaeDiagnosticodoDM",VERDE,2
7fabd0f7-dbb1-06ab-8297-d46dbeecaa29,MetaterapêuticaetratamentonãofarmacológicodoDM,VERDE,2
cd891f0b-4045-fac9-b1b2-036a28fbab43,AntidiabeticosOraiseSubcutaneos1,VERDE,2
a65c4fe0-abcd-10d7-0985-456a55189926,AntidiabeticosOraiseSubcutaneos2,VERDE,2
d914792a-06dd-c2ff-1804-c47532611255,Insulinoterapia,VERDE,2
cfeead01-1d2a-bb1b-ecbd-53ac1a63da17,ComplicaçõesCrônicasdoDM,AMARELO,2
9739ab7b-7870-359f-97db-9e98c568ab1d,Diabetes:emergênciashiperglicêmicas(CADeEHH),VERDE,2
ade0a9c7-b8bf-d2b9-eea6-9e36cd83bf38,hiperglicemiahospitalar,VERMELHO,2
15255df9-85f9-0831-8a69-e8776b59389d,Dispepsiaeantiácidos,VERDE,2
5c39b5ec-9391-65c5-b4cd-de7e5869260d,"Estômago2Úlcera,H.pylori,Gastriteatróficaedispepsiafuncional",VERDE,2
bd3debc0-a8e8-2dd7-abac-49630523eaa6,"disfagia,esofafiteeosinofilicaeacalasia",VERMELHO,2
d5c7ddfc-25b0-4b55-c2a0-9f198c4b8b47,DRGE,VERDE,2
0bc4d9de-06f8-7e35-2229-5f8b10337c19,Trauma:TraumadeTóraxI,VERDE,2
6a7f4751-4f47-2fcf-7f9b-d7156fba7f96,Trauma:TraumadeTóraxII,AMARELO,2
4115daba-b665-ea28-3623-1de67bae8afb,Trauma:TraumaAbdominalpenetrante,VERDE,2
46023f8e-4ce5-fef0-c4af-952f1bea49b6,Trauma:TraumaAbdominalcontuso,VERDE,2
a0a9654e-f7bc-c73b-4644-0a3f0e3c26c4,Trauma:TraumaAbdominalespecífico-PARTE1,AMARELO,3
4c97d8db-4a4e-b97b-f6ca-567a2a8ae85b,Trauma:TraumaAbdominalespecífico-PARTE2,VERMELHO,3
9040da4d-d4ae-babe-fdbb-00045b4223b4,"Nefro1:SindromeNefritica,Nefrotica,SHU",VERDE,3
2517177a-c964-d0b8-56be-6c39b2c5a4bc,"Nefro2:DRC,LRA",AMARELO,3
86e2392b-45ab-25dc-de25-70cc4a1c6c09,Nefro3:Miscelânea,AMARELO,3
2e8caf1a-310d-061f-e8fb-f4f1d78ffcf0,Febresemsinaislocalizatórios,VERDE,3
2f8965ab-ca31-a42b-d5e6-47a7282b4a67,convulsõesnaemergênciaetraumatismocranioencefalicoleve,VERDE,3
60a1514f-8e18-89dc-29d4-64f7e45fdb52,maustratos,VERDE,3
6fb4fde0-4209-367d-d9b6-98ad51b782ce,Indicadoresdesaúde,VERDE,3
ae068a0b-de8f-a712-ad3d-6b06fa61d6a1,Rastreamentos,VERDE,3
2634bf45-cfe4-13fd-4e83-226c655601ee,Prevençao4e5,VERDE,3
70702de0-25f3-b8ff-cb47-259f4f39949c,AnatomiaPélvicaFeminina,VERDE,3
72df7c8c-a018-d3d6-7efd-5b1a0abaf4b9,InfecçõeseGravidez,VERDE,3
ade056a0-074c-686c-94bf-1e35f9535f3e,PneumoniaAssociadaaVentlçaomecanica,VERMELHO,3
2c16a2b0-9862-b1f5-5e5b-4fb246ba3c75,Princípiosdeventilaçãomecânica,VERDE,3
a74bf199-b819-4d0d-7db1-577b4ecb8ae3,Ventilaçãomecânicaexercícios,AMARELO,3
d33d4eb2-37f8-199c-783b-ff6762946dbf,Viaaéreaintubaçãoeventilaçãonãoinvasiiva,VERDE,3
18dddd52-cd75-02b5-75c7-ec3dd0c271f8,síndromecoronarianaagudacomsupradeST(SCACSST),VERDE,3
dd88f319-494d-60e3-23a4-1a096040db3f,síndromecoronarianaagudasemsupradeST(SCASSST),VERDE,3
e45e95f2-ab0e-8e82-88ac-44afaadb8908,Síndromesaórticasagudas,AMARELO,3
82d18d8c-794d-b850-dd8f-1c4b007b96f0,pericarditeemiocardite,VERMELHO,3
8686739f-39c0-9475-9af6-c814c0136434,Trauma:TraumaCervical,VERDE,3
78476c4f-71fa-c229-1584-b10a56a0d744,Trauma:TraumaCervicalespecifico,VERMELHO,4
b84077cc-01e6-5a04-6a4d-291f47bc757f,Trauma:Traumamusculoesquelético,AMARELO,4
09348340-b8ac-0d31-b51f-0302f186c790,Trauma:TraumaCranioencefálico,VERDE,4
f523aad5-d3bf-e6a6-a1bd-fb80fb07d16a,Trauma:TraumaRaquimedular,VERDE,4
e42f5249-4a5d-cedf-419d-468f8e017d7d,Trauma:Encerramento,VERDE,4
50a908ca-ce79-bf6a-956b-2976d48e65d1,Trauma:Traumadepelve,VERDE,4
af655a33-c2c6-b155-a4be-37615ded976b,AbdomeAgudo:Introduçao,VERDE,4
0be400bd-d4b5-bf0e-132a-20555ab8c507,AbdomeAgudoInflamatorio-ApendiciteAguda,VERDE,4
0ae32195-c535-5999-7096-9252dbfaea04,AbdomeAgudoInflamatorio-Colelitiase,VERDE,4
bdc37f03-53a0-682b-a7a0-235b7eb2f59c,AbdomeAgudoInflamatorio-Colecistite,VERDE,4
13ffcbf2-605c-72e0-d021-b7bc334e9d73,AbdomeAgudoInflamatório-Colecistite-VisãocríticadeSegurança,AMARELO,4
98218e9d-aff3-c378-c1ed-24520a879d52,"Alergiaalimentar,refluxoeconstipação",VERDE,4
c1523e36-4086-8bd9-4cb2-9eef34562cf1,diarreiacrônicaedoençasfuncionais,VERDE,4
64278412-b26f-6824-4217-c9bd9e355c1f,hepatonaemergência,VERMELHO,4
8ad5d370-b5f5-eb66-1e90-17c0d9ace5a3,crescimentoebaixaestatura,VERDE,4
38ccbb40-ebb2-b0d5-38a2-eaa93c2e4254,obesidadeesíndromemetabólica,VERDE,4
c624a4be-df4d-b21a-e55e-03465d90c3fb,puberdade,VERDE,4
ae75e63f-3d75-5bcf-f018-c04f6831fb3d,Indicadoresdesaúde,VERDE,4
eaed5b83-aa57-266d-631b-b12be02de91c,TestesDiagnosticos:caracteristicasbásicas,VERDE,4
6afae8e7-8580-e942-c367-5e27d41d8bc7,Estáticaferal,VERDE,4
980a9a55-d77d-e988-2ad3-eb4a9caa53e0,MecanismosdeParto,AMARELO,4
5199481a-cd05-f6d8-c65d-a91f9d906315,EmbriologiadoSistemaGenitalFemino,AMARELO,4
ade1ef78-bec7-0b11-225a-6d64ae981394,MalformaçõesMullerianas,AMARELO,5
6a992629-5d1b-9beb-dfaa-07021bbcf106,Insuficienciacardiaca-manejoambulatorial,VERDE,5
26f05c3c-3f41-8259-3ca9-932c6793cc8b,Insuficienciacardiaca-descompensaçõesagudas,AMARELO,5
b6aad0af-af7d-6612-a624-57583c180510,hipertensão(HAS),VERDE,5
83aa6a06-0409-7bd3-f0a8-eafd34cf2101,emergênciashipertensivas,VERDE,5
9a42ddc4-60e7-09d9-1d44-77447091de02,oestoartrite,AMARELO,5
a315cfc1-247d-29c7-a682-17ec146b630b,fibromialgia,AMARELO,5
5d7ada86-1095-27dd-4f0d-9a212d3b117a,espondiloartrites,VERDE,5
bdc2a766-172a-5f85-a3e5-02159b21de85,introduçãoasartriteseartritereumatoide,VERDE,5
653c8712-76d6-aaa4-bbd6-20e7f482483b,artritesmicrocristalinas(gotaeCPPD),VERDE,5
ed0a32fe-f999-2eb2-e5a8-c04f89810c39,AbdomeAgudoInflamatório-Complicações,AMARELO,5
4abda534-f2ac-3de1-aab4-52a6f6833a9c,AbdomeAgudoInflamatório-Coledocolitíase,AMARELO,5
34b932e1-5105-065c-d3c5-eaa3f1c019a8,AbdomeAgudoInflamatório-Colangite,VERDE,5
ce925570-5ce0-3402-8f67-688b3d5c5ebf,AbdomeAgudoInflamatório-PancreatiteAguda,VERDE,5
698bcb77-a28e-73e9-d2b9-213bed68633b,AbdomeAgudoInflamatório-DiverticuliteAguda,VERDE,5
d4dc0420-1521-db35-fd19-c8456aed585c,AbdomeAgudoInflamatório-AbscessoHepático,AMARELO,5
8b20f90d-9395-9e29-6393-879fe1e4c8ca,AbdomeAgudoObstrutivo,VERDE,5
205ae838-fbf6-c743-f74b-07cf05af702b,Lítiaseintroduçao,VERDE,5
3c4b975d-ad32-e309-ca56-c07356f726b2,lítiase-avaliaçãometabólica,VERDE,5
62680f03-62ac-f1eb-e4c1-6dd657e62760,litíoasenoPS,VERDE,5
f0e6f5e3-6006-a8b2-1081-9a125bd3b7e6,Tratamentoendoscópicodecálculo,ROXO,5
6e1dfb7e-e881-c7a9-f248-1256db8e61ac,Litrotripisiaextracutaneo(LECO),ROXO,5
2c94fd62-7fd0-7314-afcf-18b67d18b7c3,Pneumonias,VERDE,6
ed35d203-c2ba-42fc-55a3-8b2438a69eb5,BronquiloiteeCoqueluche,VERDE,6
ca0be607-208b-a731-3f82-df09495a448c,COVID,VERMELHO,6
dd5f1743-0b5e-1cab-9b04-306dd21a520d,desnutriçãoevitaminas,VERDE,6
b6d97c04-88fd-159b-24de-224a676745d1,pediatriageral,AMARELO,6
5d17fd45-68cd-d399-f9d4-7d80e3fc96fd,Testediagnósticoexercícios,AMARELO,6
dbc1f64f-d0f8-6df8-8599-5b6f3b61f42a,testesdiagnósticos,VERDE,6
e74c407b-ae63-e318-97b6-e24f304c43c4,Esteroidogênese,AMARELO,6
0e205a9d-bbb9-1d94-915e-c2e21d2d9209,AssistênciaaoParto,VERDE,6
0d4095a9-fce4-eae2-a2fd-82803cdcbe18,PACehospitalar,VERDE,6
e2ee73f9-7122-d336-a5b9-58c71c0fef90,ASMA,VERDE,6
0690a734-6765-d01b-4817-df13210fe900,Derramepleural,VERDE,6
105a57c0-e2c8-f2d5-d605-c7ec564175a7,Espirometria,AMARELO,6
0f45a350-37e3-fb00-b78d-3fd6e2ed125d,DoençaPulmonarObstrutivaCronica(DPOC),VERDE,6
b70f7c0b-ebfe-abe2-ff23-d5cbdd70aebf,Tabagismo,VERDE,6
844b5861-9cc6-c92d-bc9f-e23f646decbf,avaliaçãoglobaldohemograma,VERDE,6
70995b46-9660-2530-c52a-4e452b109608,anemiashipoproliferativasI,VERDE,6
fec9e38b-cf00-18a1-c6b4-7b5ce18c604e,Anemiashemolíticasadquiridas,VERDE,6
5c85ac1c-5e8b-49ca-a749-6df4293f5ffa,AnemiashipoproliferativasII,AMARELO,6
5729ed61-9e81-73de-c1fd-7afbfd8553eb,Anemiashemolíticas:Hereditárias,AMARELO,6
9a2c250a-df05-322f-bc88-ba4bc3b2f17c,AbdomeAgudoPerfurativo,VERDE,6
78c977a6-c933-e3da-ae24-b63460ca7dd5,AbdomeAgudoVascular,AMARELO,6
a941d279-e978-edc6-aa34-fada11f1d516,AbdomeAgudoHemorrágico,VERMELHO,7
47a73b48-8ebd-c08f-8bd9-afebe534d171,AbdomeAgudo:Take-HomeMessage,VERDE,7
0f9dfcbd-d0c2-9081-fb08-a35c08a22fdb,Hérnias:Anatomiadaparedeabdominal,VERDE,7
898a952d-99ae-056f-fc90-9e1454d83e02,Hérnias:HérniaInguinal,VERDE,7
5ed69caa-7895-e10e-2c73-7286c26a0216,Hérnias:Hernioplastiainguinal,AMARELO,7
cc6e0409-94e7-b304-c9d6-8aa9b6c62869,Escrotoagudo,VERDE,7
489a627a-a98e-d3fc-8d8b-55ac52e7e1dd,Priapismo,VERMELHO,7
a43235c8-9a53-a37a-7bf5-87b72df8584e,Fraturapeniana,ROXO,7
dcee4938-2b05-28b6-6985-c5a22daf5807,PS-TraumadeRimedeUreter,VERDE,7
51dfa564-164b-ebe5-31e0-dde863adf735,PS-Traumadebexiga,AMARELO,7
51b4beb7-3e08-fd4b-edc1-cd8f1b691a3e,PS-TraumaGenital,ROXO,7
f6fcc7b6-c135-707a-0ea1-656d8880be64,PS-Traumadeuretraeestenosedeuretra,VERMELHO,7
cf24569d-4735-064b-c9d0-c086bed2871e,Infecçõesdeviasaéreassuperiores(IVAS),VERDE,7
dfbec975-ef36-b618-cab1-d937dffd86ad,SuporteAvançadodevidaepediatria,VERDE,7
b1141275-bf6c-4842-adf8-4f18ab5c0b9a,Dermatiteatópicaelesõesbenigasdorecém-nascido,VERDE,7
2f1adccc-ac15-37c5-4a03-ecd4ddf71b6a,DermatoseseInfecçõesdePartesMoles,VERDE,7
794333d2-e591-b896-8b17-3239098d731d,Farmadodermias,VERMELHO,7
4ffe16bd-e794-9b0a-81a5-3d6dd4d7784d,Estudoslongitudinais:coorteecasocontrole,VERDE,7
5302a608-25ce-0bce-ccfa-fd28cccc9618,Estudostransversais,AMARELO,7
ff31dbfa-5ce9-0a5a-7a3e-deb2332877d1,Classificaçãodosestudosepidemiológicos,VERDE,7
84e5f012-bd0b-2f84-b676-dc43797364fc,Associaçãoxcausalidade,VERDE,7
89b2df81-de1b-c0d5-d6cf-44b24ffd6e66,Fisiologiamenstrual,VERDE,7
8161bbbb-c99d-7e91-8ce8-12d87933efd0,AmenorreiaPrimária,VERDE,8
fb80af8d-4267-6f23-f97e-a3f0c95e3caa,sífiliseuretritesinfecciosas,VERDE,8
737dea4f-bc54-a62f-5edf-ee7601f7c4d6,neurossifilis,AMARELO,8
732bd337-64f8-9548-aa4f-91307204094f,Tuberculosepulmonar,VERDE,8
29013bf3-f765-731d-e81b-a24b8aacd2fe,tuberculoseextrapulmonar,AMARELO,8
9ea8770d-6790-3989-0611-b2c4ce401179,tratamentodetuberculoseeefeitoscolateraisdoRIPE,VERDE,8
17bc8275-5ae9-560d-631f-1189cfe4e717,Taquiarritmia,VERDE,8
8e2bac63-caf8-88dc-75ed-b56b21a4d4a7,Bradiarritimias,VERDE,8
efdb6883-88da-5ed7-ff09-fbe66b54dcf0,Síncope,VERDE,8
8a19355b-e542-e97b-8249-6ef20c264f94,FebreReumáticaeEndocardite,AMARELO,8
b960c7f5-ccda-b646-2e66-43a8f7a1b7ef,Valvopatias,VERMELHO,8
7147e319-cc41-dc86-7dff-2935b87dff88,BLSeACLS,VERDE,8
df348c38-ce20-3e79-1a31-20e7c60e08bd,Queimados-atendimentoinicial,VERDE,8
55228242-f0ca-b7d5-491a-783698b20601,Queimados-tratamentoespecifico,VERMELHO,8
c6692adc-8458-fa25-324e-09da25b35010,Queimados-sequelasdequeimadura,VERMELHO,8
916b5a5a-6587-c56c-c487-be50b4beface,Cirugiaplastica:Cicatrizaçaofisiologica,AMARELO,8
a49ea826-525d-2b3b-1b04-e46635d570c1,Cirugiaplastica:Cicatrizaçaopatologica,AMARELO,8
7da83945-2285-b225-0281-99d98673c8da,Hérnias:HerniaFemoral,AMARELO,8
34a92be9-ac09-c1b6-156f-b9504ec0bda5,Hérnias:HérniaUmbilical,AMARELO,8
0e7d125e-84c6-6985-c99d-e7aa6897585d,Hérnias:HérniasIncisionais,VERMELHO,8
ace127a4-4691-b3a0-76da-9db1f573c1db,Esofago:Introdução,VERDE,8
4d7b2abd-cf74-88dd-a2b3-ce5d93f6c731,Esofago:Diagnosticosediferenciaisdedisfagia,AMARELO,8
f6c30ba1-851e-2f85-d172-db9e60a68c92,Acalasia,AMARELO,9
762ad726-9284-7816-641e-6643ab878668,DRGE,AMARELO,9
9bc48cd8-9da7-4aea-16e3-8f1a90310b6b,Barret,VERMELHO,9
c755ca66-90e5-f2e0-ff03-0a57dc2ae27e,Estômago:Anatomia,VERDE,9
27857a8b-d42b-d680-3ba4-f0cef047d8fb,Estômago-AdenocarcinomaGástrico,VERDE,9
afd7f145-0e91-6115-3d98-2eb8881541bc,"Estômago:CÂNCER,introduçãoelinfomas",VERDE,9
e3c22323-24d7-6228-b824-641891abd71f,Estômago-complicaçõesagudaspósgastrectomias,AMARELO,9
ee7ce12a-5511-c97f-239b-c16a8626c290,Reanimaçãoneonatal,VERDE,9
cead49f0-c7c6-32fd-b314-125febf9f70e,infecçõescongênitas,VERDE,9
84afd560-bb50-6e73-bc80-9a6cede2da16,icteríciaecolestaseneonatal,VERDE,9
8097ad3e-2345-fdf6-a674-69db35beb377,Cardiopatiascongênitas,VERDE,9
fc043bc6-93cc-3fcb-54f0-5863754220fb,hipertensãoarterialsistêmicas(HAS),VERDE,9
620b1b24-03eb-a1e5-ef33-3a2248e0fb07,"miocardite,spincope,insuficiênciacardíaca",AMARELO,9
76dcd3ed-1283-4246-67ad-375d5ff9a376,Revisandomedidasdeassociação,VERDE,9
17bf16d9-4be2-dbd3-ed79-653a18a19c19,Ensaioclinico1,VERDE,9
54b75b0d-822d-d856-e7fa-f77ef982c713,Ensaioclinico2,AMARELO,9
660d0f57-bd22-0904-29f4-2ffdb5c2ac89,AmenorreiaSecundária,VERDE,9
dae2ca58-fe98-7cda-0e0d-c993a67a2f77,SíndromedosOváriosPolicisticos,VERDE,9
01ca23c7-0c98-7a27-5ab4-290ae679eadc,Hiperprolactinemia,AMARELO,9
52a62443-6043-fc56-5c35-6fce7ea7f966,GlomerulopatiasparteI,VERDE,9
d0ac7912-0e65-a379-2079-61984934b02e,GlomerulopatiasparteII,VERDE,9
661dd26e-137f-8da4-3daf-513f7d1e29ae,DisturbiosHidroeletrolíticos-outros(magnésioefósforo),VERMELHO,9
ffa21fe9-85b4-95e4-eb83-4fdb0be3bca6,DisturbiosdoSódio,VERDE,10
35559171-3bc6-5729-6263-26c33c704bbd,DistúrbiosdoPotássio,VERDE,10
11bf89c2-f4d5-a552-a537-26e23117f25f,Tireoidites&SíndromedoEutireoidianoDoente,AMARELO,10
a564f0dc-c1fd-f218-d4fd-28734453f20a,NóduloseCâncerdeTireoide,AMARELO,10
9eab8f24-b499-f0d2-8233-bc0d6590f500,Hipotireoidismo,VERDE,10
cb945f8d-c2d5-593f-bb10-3adce755189b,FisiologiadaTireoide,VERMELHO,10
e3af040e-9c26-a93e-beaa-368565209e72,Hipertireoidismo,VERDE,10
0ed0c843-408c-6569-b94b-8b84b085503b,Hérnias:Outrashérnias,VERMELHO,10
8ecdde5b-9caf-7378-fd10-c15bf0e04b76,Hérnias:Síndromecompartimentalintra-abdominal,AMARELO,10
a9f3c131-01b0-8566-17e0-547c60621748,Hérnias:Fechamentodeparedeabdominal,ROXO,10
478fea81-e6d7-1b75-8d85-4d39544a2d07,Hérnias:Take-HomeMessage,VERDE,10
a1a646c3-24b6-c424-fda4-1f117ac3db17,Estômago:GIST,VERMELHO,10
6d5f1201-79a1-fdb0-0a79-1abd7b3a0dbd,Estômago:Tumoresneuroendócrinos,VERMELHO,10
00e40c69-267a-6b80-6a98-d5da6447cb5b,HerniasdeHiato,VERMELHO,10
4fa13026-5d31-14b4-756f-4afa963e54b2,Obesidade:PrincípiosGeraiseCirurgiaBariátrica,VERDE,10
476556ac-e7fc-a6b6-04d2-46a80fe9ef0e,Obesidade:ProcedimentosCirúrgicos,VERMELHO,10
c7f37724-45d4-78da-54fa-0faf51a08193,Obesidade:Reganhodepeso,VERMELHO,10
65756ba6-a5fd-7394-4cf5-5d223c05c8c9,Obesidade:Complicaçõespósbariátrica,AMARELO,10
9b2d6774-edfc-5868-4337-49269a39e7dd,Uro-oncologia:próstata,AMARELO,10
68fb8e57-d33a-f5d5-69bc-5f1440e04e93,Uro-oncologia:bexiga,AMARELO,10
5a1152e3-202c-feb3-e26b-6be2f25a116e,Uro-oncologia:rim,AMARELO,10
1fbc8d87-5c75-dc4c-6c3f-cbb06d160779,Arboviroes,VERDE,10
a6d07417-2c0a-68f3-4b97-6c7b5863eaf6,DoençasExantemáticas,VERDE,11
6b1ae0e2-0b93-fbc7-b8f7-2f4ff382c799,DistúrbiosMetabólicos,VERDE,11
c8c892cb-5c0d-27d7-c10e-2c4fbb74aee6,Triagens,VERDE,11
d1db55a4-855f-8fcd-23a6-45756916c15a,"problemas,políticasesistemasdesaúde",AMARELO,11
542139c6-f378-e524-bd76-75fb00ef6de3,Redesdeatençãoasaudeeniveisdeatenção,VERDE,11
04b44d4d-bbe1-b598-46a8-2317d1907906,AtençãoPrimáriaàSaúde-Parte1,VERDE,11
5f2e7c41-46a3-d4dc-5db6-04a89aeb15ec,AtençãoPrimáriaàSaúde-Parte2,VERDE,11
8aad8aa1-a544-b200-b05d-db7c3e3a95fe,Abortamento,VERDE,11
4bbf4c1d-a1ba-a1bf-a2b2-55b3ac67f3b0,GestaçãoEctópica,VERDE,11
a2968f02-95aa-6729-ab9e-2223f91e9334,AbortoLegal,AMARELO,11
8ebd5df7-ec71-051a-1def-2035bfa9dbbd,Arboviroses,VERDE,11
97198869-c093-0b31-aa7d-d49545f5eeba,Icteríciasfebrisefebremaculosa,VERDE,11
1cc49f4a-4b68-323d-4a67-426b0b4d738d,HepatitesVirais,VERDE,11
4b30cde1-2492-b529-b4bb-1704ac57ae72,Choque:abordageminicial,VERDE,11
36983d07-6a1f-8e12-192e-c112486a749c,Choque:tiposdechoque,VERDE,11
a504eeab-7a7b-b21d-adb0-c724d732de4a,TEP,VERDE,11
3c9b37db-9ad1-d3a0-17bf-192e16e13e05,Hipertesãopulmonar,VERMELHO,11
b5794d8f-af5a-c7f1-cf9b-78a301961286,DistúrbiosdoSono,VERMELHO,11
f4b288d2-938d-c67c-0bfe-a0cdf41f9b52,DoençaPulmonarIntesticial(DPI),VERMELHO,11
0aed5113-f6c4-985d-5c92-f715f467f6f7,NóduloPulmonar,VERMELHO,11
4a36d9e7-4254-ec75-f04a-07c4c0125182,Perioperatório:Pré-operatórioI,VERDE,11
85f81e6f-a15f-3a44-3f7f-696593c08a39,Perioperatório:Pré-operatórioII,VERDE,11
03dbc7d1-fc2f-77f6-e03a-3572d262c56f,AneurismadeaortaI,AMARELO,12
4724e849-99b4-dc3a-29e9-aaf0fc8bd243,AneurismadeaortaII,AMARELO,12
37b2ba7c-2d74-94f5-c4cf-c509a0bce910,Testículo,VERMELHO,12
e4f5cca6-b79d-d6f2-a57d-3ef931e19de5,Adrenal,ROXO,12
69af48a0-aba6-aa5c-6541-3deef2b38f50,Pênis,ROXO,12
09b340c6-00f1-02e1-928e-6b165ad44515,HPB,VERDE,12
3d532eaa-dbbb-da4f-efaa-da25a9ed5065,Lesõesporpressão,AMARELO,12
e0ce10ba-6c34-685f-a6f7-85bd8f7f5003,Cirurgiaplástica:Anestésicoslocais,ROXO,12
7767d28f-09a1-1bbc-1337-38e214a44aea,Cirurgiaplástica:FiosdeSutura,ROXO,12
5bd9eb22-d06e-7dfd-b32b-5e1d365a7b72,Coloproctologia:CAcolorretal,VERDE,12
b8eb5bb3-905a-b00d-63aa-bfafd5ed482c,Coloproctologia:SíndromesAssociadasaoCCR,AMARELO,12
4f667fc8-5b77-1cf0-bd51-d2d5f34ab6c3,Coloproctologia:DoençasOrificiais,VERDE,12
e09755a1-cc02-77f6-f445-a8cf588e1c59,Coloproctologia:CECCanalAnal,ROXO,12
b83d2c9f-2e54-1fb6-64b2-3556233376af,Tuberculose,VERDE,12
5ca6e763-4191-c2aa-e677-d1b0d6de8599,Adenomegalias,VERDE,12
21c93af8-9d77-435c-79ec-f7dde9fd0da3,InfecçõesFúngicas,VERMELHO,12
eac298a3-f244-a2fd-0edf-48b2eea04f30,"Kawasaki,vasculiteporIgaeFebreReumática",VERDE,12
26b0ae26-08f7-6011-4a99-5c71d085a930,ArtriteIdiopáticaJuvenil,VERDE,12
5037a76c-72d9-9e3c-d177-5d8ac74b1837,LeiOrgânicadesaúde:8080/90,VERDE,12
5ce39f9c-4f1b-61dc-c968-6b41f2f91a0f,ModelosdeProteçãoSocialehistóriadasaúdenobrasil,AMARELO,12
78e0ec27-192b-a8b9-ec0a-93fbc7b8cf8e,princípiosdoSUS,VERDE,12
aea82d54-81c9-96b5-7ddf-5f4bbb72aaa3,PlacentaPrévia,VERDE,12
276751ad-64ce-dc54-1438-4cc4da2cc108,DescolamentoPrematurodePlacenta,VERDE,13
2a68f77a-c5b2-eb46-012b-f83c3292fdfe,OutrosSangramentosdeSegundaMetadedaGestação,AMARELO,13
f5bfd867-b1b0-2591-14ae-44e94436f1ff,DoençaTrofobásticaGestacional,AMARELO,13
b34c2c00-1851-8c19-bfd2-b8d8db4b3fc7,Avaliaçãodeenzimashepáticas,VERMELHO,13
d10d2cdf-45e8-4bf0-7361-2fbb09cd85d9,"doençashepáticas:CBP,CEP.HAIedoençadewilson",ROXO,13
b4d927c3-2811-1505-c221-097521a5d39b,cirroseconceitosgerais,VERDE,13
604acd41-e639-3a9a-a0e3-ac4ce51ff512,Gastro:Ascite+PBE,VERDE,13
0c32a0a5-702f-050b-5f98-7e3a558c30b3,EncefalopatiaHepáticaeSìndromeHepatorrenal,VERDE,13
e167bf38-4eec-46a1-3f25-ab31c9f10be9,Varizesesofágicasesíndromehepatopulmonar,VERDE,13
c1ab63e7-6834-90fe-fbd0-21483ca6acef,Introduçãoageriatria,VERDE,13
fcb6d42f-390d-6063-3448-05affc60e7c1,Avaliaçãogeriátricaampla,VERDE,13
edbba4be-cd17-2ba9-3d80-98f42adea89d,InstabilidadePosturalequedas+Imobilidade,AMARELO,13
dada7f91-f629-a5c8-fc3c-8bcdb5dd84c9,VacinaçãodoIdoso,VERMELHO,13
3c9cd922-d85d-2e4f-9aa7-52acb493d288,IatrogenianoIdoso,AMARELO,13
6d923d4f-2715-ab6e-025f-2add5adfdf92,Perioperatório:REMITepós-operatório,VERDE,13
f412272f-9fd7-f8b0-970e-8347e85e1a2f,Perioperatório:Complicaçõesgerais,VERDE,13
580f8545-a472-0b01-ba59-026f41283887,Pâncresaseviasbiliares:Cistosbiliares,ROXO,13
27236250-d6be-a3f8-ac8d-cdc21ecf5c31,Pâncresaseviasbiliares:pólipodevesículabiliar,VERMELHO,13
37b852b2-59d8-5547-b5e2-49cf0314a988,Pâncresaseviasbiliares:câncerdevesícula,ROXO,13
e3d09a50-bf62-003b-86d9-b9b3572ce354,Pâncresaseviasbiliares:lesãoiatrogênicadaviabiliar,ROXO,13
3a7d37bb-96e8-6eaa-132f-cc7267a1f816,Trombosevenosaprofunda,AMARELO,13
9f0436c4-4aa3-0869-06c0-d30124c97ea4,Ferimentodescolante,VERMELHO,13
f4290532-33c0-9d3f-562f-7fffd6b460c9,Vacinação,VERDE,14
f349a5de-28df-44dd-631f-54932d662b97,MeningiteeEncefalite,VERDE,14
404ffe28-d878-2795-0cef-4ad25ddf0304,parasitoesesintestinais,VERDE,14
ef0e9992-ee22-b8ee-b7ec-a01034852942,HIV,VERMELHO,14
b2c49e6b-c1a6-53d0-85a4-7e2147c1961a,NOBseNOAs,VERDE,14
af74d4d2-61b4-f426-6626-7ce9bc45b7f6,Pactopelasaúde,VERDE,14
a4b7f061-7e29-ded8-5b53-cb31404a2b69,LeiOrgânicadeSaúde:8142/90,VERDE,14
dcfa89ac-9f4f-b406-d18d-293c2fc7ced4,propedeuticaemuroginecologia,VERDE,14
50eb70e1-5c9a-a39f-b40d-973509b9f30a,OutrosSangramentosdeSegundaMetadedaGestação,AMARELO,14
cf7f4679-d6a1-2f83-4b60-af49a283af45,cefaleiastrigêmino-autonômicas,AMARELO,14
ad9a86ad-912c-22c6-ba2a-85c3c36a4322,introduçãoàscefaleiasprimárias,VERDE,14
a76b72d6-33ee-a997-5396-b2951cde7449,enxaqueca(migrânea),VERDE,14
c7018667-86f2-eb26-2011-de0abe8583f6,meningiteseencefalites,VERDE,14
8a005ea7-d2d8-4490-cc4c-ffe47a758a15,AcidentescomAnimaisPeçonhentos,AMARELO,14
49a84904-51aa-8c08-5c62-1320e41f1d4d,Vacinação,VERMELHO,14
6716dd40-8ab8-440e-4554-9baed66f607c,DoençasNegligenciadas,VERDE,14
afd6515c-cfa4-ba02-c29f-3421a9ce13c1,intoxicaçõesexógenas,VERDE,14
3ed2754b-ea16-f7bf-2824-d2bd8a5aa911,Respiroepróximospassos,VERDE,14
21d68093-bd5c-a7db-aa9f-5cf597f5af07,HDAnãovaricosa,VERDE,14
c60f1cdc-d510-6d5b-469c-f105badb07fd,HDAvaricosa,VERDE,14
8cf05cca-c6d9-44df-7f6b-6cee5eba4459,CorpoEstranho,AMARELO,14
888f8719-f0cc-c46c-214c-bb00756c4cf6,HDB,AMARELO,14
c13ce5d3-84e7-1a77-cc54-4c9c7bd51a75,Hemorragiadigestivamédia,ROXO,15
4032022a-544c-92d8-2440-96075dbc0fe0,UNDedisfunçõesmiccionais,ROXO,15
8abcfb45-4ecb-e312-355f-e88470494efc,Infertilidade,ROXO,15
08b1e42f-dd3a-3552-1b80-747beac9eaf7,Desafiosfinais,ROXO,15
b65751e6-daf8-ac90-b657-ba9985ddaf07,Urologia:Síndromedabexigahiperativaebexigadolorosa,ROXO,15
5fbb89aa-057b-2b0d-3abb-1abf35be828b,Urologia:Bexiganeurogênica,ROXO,15
c7a3f87e-d3e7-68ce-8a1d-48a423429744,Incontinênciaurináriadeesforço,ROXO,15
8158e151-2ca4-b865-45ce-2a4055ab18b6,MedicinaSexual,ROXO,15
d0ab6e2d-c826-3704-ba0a-61f9b3d72a04,DSTs,ROXO,15
a8fc8c0c-f6af-005e-b22e-90274ea6918e,CetoacidoseDiabética(CAD),VERDE,15
60ff4751-372c-7104-8b80-232c1b497bf1,HiperplasiaAdrenalCOngênita(HAC),VERDE,15
0fb187f1-a774-9113-fb50-7d628def8abb,ASMA,VERDE,15
ddd263e5-ee99-9fa8-cff6-da96bc1ec261,Fibrosecísticaediferenciais,VERDE,15
28356efc-40ce-039b-de9e-ee1cf8357f7a,Decreto7508/11,VERDE,15
c8f6b3d8-75db-e9e1-821f-d4ef0ca21082,PlanejamentoemSaúde,VERDE,15
9a034492-9f74-cbe0-c5a6-fee28730e06d,SaúdeSuplementar,VERDE,15
88e68d22-e876-5a3e-18f6-dd3ebce0cace,FinanciamentodoSUS,VERDE,15
d494d36a-e0e5-a973-4f70-ddf976528cc2,PropedeuticaMaária,VERDE,15
283f91e9-595a-76f2-8fd6-d7ed6be0aa84,PrincipaisSIntomasemMastologia,VERDE,15
c4609953-02fc-566d-ac3f-0fb6018e3894,síndromedeguillain-barré,AMARELO,15
3f552413-ac08-2088-50e1-54bfed13f511,miasteniagravis,VERMELHO,15
3b5a46e0-ebfd-15cb-592e-fcceb1870296,AnalgesiaeSedação,VERMELHO,15
cec06d6c-ba6d-7bf0-f558-3ff31e246db0,Infecçãodecorrentesanguínea(ICS),AMARELO,16
fefbcb8a-e032-9ee6-bb59-59f739edc959,Drogasvasoativas(DVA),VERMELHO,16
3e13f2c9-a0ba-d484-2dbb-fed84b8981a3,Cirurgiaplástica:Enxertos,VERMELHO,16
261cf3e7-d878-97fa-2491-e847e66eb6cd,Cirurgiaplástica:Retalhos,VERMELHO,16
f618bb59-22a3-e32a-19bb-4099281641ca,Principaisretalhos,ROXO,16
811f95e9-3341-5dcc-edcd-5637987ef6ce,contorno,ROXO,16
2a3b044d-4fc4-bfca-e665-a0094f88e68d,Fígado:Fígadoparaperdidos,VERDE,16
2f365014-d7f1-3aeb-8dcc-a92e551ba3ce,Fígado:AdenomaHepático,AMARELO,16
590c8816-d713-f299-af0d-dfab5f04dd40,Fígado:HiperplasiaNodularFocal,AMARELO,16
43cbd5e8-1a9e-6d26-e4a1-8ff66207a2fd,Fígado:Hemangiomahepático,AMARELO,16
d80252d5-dbad-a311-5bd6-0d4f98a7b890,Fígado:CistoHepático,VERMELHO,16
7750cdfd-7c9c-6c1d-5f1e-4e91f31e6f7b,Fígado:MetástasesHepáticasdeCAcolorretal-Parte1,ROXO,16
62d428b6-9757-c28d-8ef1-36f21904cf94,Fígado:MetástasesHepáticasdeCAcolorretal-Parte2,ROXO,16
4ef63e5a-cc4d-d019-1754-9c3b6831b271,Fígado:Carcinomahepatocelular,VERMELHO,16
23237a11-a985-48d3-9fda-8ebe9e17e18c,Fígado:Quiz,AMARELO,16
ef1a8c03-2531-fc8c-b1a1-cc9619bcfc23,Introduçãoasanemiasehemocomponentes,VERDE,16
f94fea6c-9bc9-2911-2a3c-e85fdba2b681,AnemiaFalciforme,VERDE,16
ec6f0606-e728-4de0-67f9-f555b78e004f,AnemiaFerroprivaeTalassemia,VERDE,16
fb9f64fc-e6e9-8e1a-d448-5e0060556f2c,HemostasiaeDistúrbioshemorragicos,VERDE,16
e81c0545-ea56-fe7e-7f6a-71e236155e78,Éticaempesquisaclínica,AMARELO,16
251fc252-9e0e-2cde-a691-a7a30c8f08f0,ConceitosdeMBE,VERDE,16
93699838-fb2f-432d-460f-2ebe4adc3ce8,revisãosistemática,AMARELO,16
09e7fec5-d7c8-146c-9dcd-43b9172284d3,metanálise,VERDE,17
dfb2c117-088c-4333-b1df-86b67a42d387,ClassificaçãodasLesõesBenignas,AMARELO,17
1a9efeb1-f6d6-52ff-050b-fc1ba2c522a4,incontinênciaurináriadeesforço,VERDE,17
9fa9439d-63d6-8ce4-cb1e-341eb70a71d8,incontinênciaurináriadeurgência,VERDE,17
8d6de41f-16ec-0fe0-a532-96cee3573bd6,oncologia:cuidadospaliativos,VERMELHO,17
b73002b5-01a4-7b74-3757-e8a48c7991b7,Emergênciasoncológicas,AMARELO,17
66c3f4dd-1bee-5a19-ece7-9e34d46d7bb4,IncidentalomaAdrenal,AMARELO,17
2751ec76-cf5c-af48-7c1d-867bdea126a5,SíndromedeCushing,AMARELO,17
5892106f-344d-e453-e225-20957d917cf1,Hiperaldosteronismoprimário,AMARELO,17
cc1b795f-f0b6-3e13-eb05-b5ec36aa8fc7,FisiologiaeAnatomiadaAdrenal,VERMELHO,17
42e3b3a0-098f-364d-f52b-1322c85d36c3,Feocromocitoma,VERMELHO,17
825cb989-0e27-9c80-9a96-aa849fff60de,fraturasdeface,VERMELHO,17
0cfb9004-5c1f-84c5-aa88-a8dde66b1e02,paralisisafacial,ROXO,17
a399f177-cb9e-773c-5a18-5b7c17359cd7,TraumaVascular-miscelânea,ROXO,17
5259b123-61f1-60cc-885f-6a0445da70ff,TraumaVasculardeAorta,ROXO,17
56b0c780-051b-bd88-308d-3b04859ffac8,TraumaVasculardeextremidades,VERMELHO,17
fb513030-f1a7-c7d6-c146-2cea17aacf0c,Isquemiademembrosinferiores-OAA,AMARELO,17
1bf802c3-8cf8-03c0-b12c-989650da646e,DerramePleural,AMARELO,17
4d137bc8-4e24-ce01-bd3c-3d68641bfee5,ExsudatoNeutrofílico,AMARELO,17
3bdfd6d1-ddff-207e-4235-527a76820b85,ExsudatoLinfocítico,AMARELO,17
49572ccf-48d9-2467-dfaa-0444b228a179,Hipotireoidismo,AMARELO,17
5758c230-81a3-7b30-5cfa-4b193b1c398b,DistúrbiodeDiferenciaçãosexual,VERMELHO,17
5a006b6d-6b2b-1d6b-bf69-5c383acd80c3,InfecçãodeTratoUrinário(ITU),VERDE,18
4986fba9-d0e4-ef5d-d05e-3ed3660b5bc7,DiarreiaAguda,VERDE,18
4170e3ee-e9b6-8965-743a-767cb03934a5,PrincipiosdaMedicinadeFamiliaecomunidade,VERDE,18
d2886fe2-34cd-6bea-2947-176c10d9c3af,ESF:organizaçãoefuncionamento-parte1,VERDE,18
1c654e38-4e5f-d613-a335-bd049181fa07,prolapsogenital,VERDE,18
23534e91-2189-9213-96a9-b249034a21fc,estudourodinâmico,VERMELHO,18
ee8681ce-086b-43b0-9214-84c51316d2a5,Síndromeshipertensivasnagestação-parte1,VERDE,18
5af328de-b578-8bff-e926-3f0fa1f2e8fd,Síndromeshipertensivasnagestação-parte2,VERDE,18
b7141c3d-6c10-c2a7-bf5d-9eb7909c5648,VasculitesdeGrandesemédiosvasos,AMARELO,18
55aa9d3c-2bcc-1f01-b087-e4646a29810f,vasculitesdepequenosvasos,AMARELO,18
674eb4c2-1d39-252b-4bd6-ea789547085d,doençadebehçet,VERMELHO,18
d6bf9626-308e-a20b-f36b-38d301659047,MiopatiasAutoimunesSistêmicas,VERMELHO,18
4887a4fc-6b6f-c040-e7cb-f9aa7052871f,Osteoporose,AMARELO,18
15f81811-9a1b-fcdb-8ff6-5624d1ce849c,Metabolismodocálcio,VERMELHO,18
6bfc5a89-c71f-5ff0-f4ff-9781598e83d1,Hipercalcemias,VERMELHO,18
120d9d70-1a72-28e0-fe6f-ddac37cc1637,Hipocalcemias,VERMELHO,18
a2e34078-32b9-92c1-2463-a41f292a25b6,DistúrbiosdoCálcio,AMARELO,18
b99d052a-20e8-d8ed-f100-2c4a3f4e95b1,Pâncreaseviasbiliares:AdenocarcinomadepâncreasO,AMARELO,18
39503113-644b-c8a3-04e0-27a49a6043be,Pâncreaseviasbiliares:PancreatiteCrônica,VERMELHO,18
0459100d-6317-f124-2614-3d34f18e9065,Síndromesaórticasagudas,ROXO,18
42d67ef0-36a9-91e4-bed3-cd1e23b1c326,Isquemiademembrosinferiores-OAC,AMARELO,18
76856e0f-5a22-54c8-b505-52c4329ea313,Oncorirugia:Melanoma,AMARELO,18
b40e86dd-0b45-72f1-9608-19b25a936374,Oncorirugia:Sarcoma,VERMELHO,19
41005c2b-6f9d-43ca-270e-6ccb2ed33986,Genética,VERDE,19
c864d8a4-d82b-41e4-c25b-b0b7e9b85295,SepseNeonatal,VERDE,19
4060d10d-9bb4-0e4d-d0c3-dc4458467802,DesconfortoRespiratórioNeonatal,VERDE,19
4fd8ea39-cfed-db2c-bd37-c99915b40dfc,ESF-FinanciamentoeProgramasEspeciais,VERDE,19
85ef3bb1-d46c-4871-1a6e-e455f4a1a190,ESF:organizaçãoefuncionamento-parte2,VERDE,19
74915e58-db55-2acf-48ac-a8aad3a35817,Corrimentosvaginais,VERDE,19
d57ed035-e403-e51f-b824-50f53993fc87,ùlcerasgenitais,VERDE,19
546bd9db-7f31-100f-32d7-705d6eba6374,RoturaPrematuradeMembranasOvulares,VERDE,19
9b6d650b-0adc-b2aa-3c70-3badfb9a7ce5,DiabetesnaGestação,VERDE,19
6eee6910-429f-817a-2ebd-fc6cbb88c758,DoençaInflamatoriaintestinal,AMARELO,19
4e4fe199-3778-a07a-f2d4-df54eb005a42,Diarreiacrônica,VERMELHO,19
64407549-3c8c-8fa3-09f5-acf5e17d5bbf,Diarreiaagudaecolitepseudomembranosa,VERDE,19
f8113af2-9d5c-f91d-8996-5baa615d2d8b,InjúriaRenalAguda:Parte1,VERDE,19
d6114a1c-196b-7519-0ca6-1398ab84bcfe,InjúriaRenalAguda:Parte2,AMARELO,19
c28a00f2-0a03-586b-c491-a233beaa40be,Prolactinomas,VERMELHO,19
67922bbd-ac49-ca4c-6fc2-590a723df16d,Pâncreaseviasbiliares:NeoplasiasCísticasPancreáticas,ROXO,19
dbd67c75-8518-9998-3cf8-75d15763615b,Pâncreaseviasbiliares:OutrostumoresPeriampulares,VERMELHO,19
dde9fad6-f8c3-347f-8b85-edc08d627de2,Pâncreaseviasbiliares:Tumoresneuroendócrinos,ROXO,19
d6f15c55-8fae-456e-144a-6ed6f19ec446,EstenoseCarotídeaSintomática,VERMELHO,19
3ec86c6a-9587-7ef6-ae97-ac985cbf1fea,EstenoseCarotídeaAssintomática,VERMELHO,19
d558f428-b42e-2cfb-7ae6-55acd33e603f,Pneumotórax,ROXO,19
7efeccc1-5162-fdf9-7462-02a2db1966f7,Diagnósticosdiferenciaisdasmassascervicais,ROXO,20
46c50794-0f2b-d971-fcfb-de3f5e039243,Esvaziamentoscervicais+anatomia,VERMELHO,20
df445754-2706-6367-ef78-f379c5aa7ff6,NutriçãoNeonatal,ROXO,20
e43329e0-075e-4e0e-b2c6-dec33eebe56a,OutrasDoençasNeonatais,VERMELHO,20
798c1a0a-c604-ccda-1316-edc44fe5b90a,medicinadoadolescente,AMARELO,20
bbcfaa07-916b-4539-b351-84942a0a7619,FerramentasdaAPS/ESF,VERDE,20
bd926cd4-49b3-cbb9-7524-57d169d48d5b,FerramentasdaAPS/ESF-parte1,VERDE,20
ab81113f-1a42-9639-8336-ca3428c79e9d,FerramentasdaAPS/ESF-parte2:equipese-MULTI,AMARELO,20
af87f505-20f1-779d-c83d-886d95d76b36,violênciasexual,VERDE,20
881c2f7a-8933-cd2b-ab0c-89b177c6698b,doençainflamatóriapélvicaaguda,VERDE,20
a8003ccd-abfb-43f1-4ba1-845a4dfee0ea,SofirmentoFetalagudo,VERDE,20
6786b9d8-b909-331e-2b7b-f6f8f3abac6d,"DoençarenalcrônicaI:Avaliaçãodefunçãorenal,causaseestratificação",AMARELO,20
1889d7f8-afd4-51b4-e521-550cf8826f24,DoençaRenalCrônicaII:Tratamento,VERMELHO,20
144e77e7-4dc0-9079-2730-15db1672aba4,Infecçãourinárianapráticaclínica,VERDE,20
74961857-70e3-4ec0-a752-219b6f51e9b8,Epilepsia,AMARELO,20
997b0010-eab7-d818-d525-dfc985eabe87,EscleroseMúltipla,VERMELHO,20
d296557c-10d3-a3fc-2cb4-5efc1388120e,NeuromieliteÓpitica(NMO),VERMELHO,20
15a00745-8362-a5b8-9fec-4593306c991e,DoençadeParkinson,VERMELHO,20
2574bff6-addd-bc64-6e8b-70ff738bf0a9,"TireóideI-anatomia,fisiologiaetireoidites",VERMELHO,20
9c763ca8-cee6-0ea5-4104-09a4fa9ba704,TireóideII-nóduloebócio.,VERMELHO,20
12cec85a-bbed-8ecb-9489-f1a981c06584,TireóideIII-carcinomabemdiferenciado,VERMELHO,20
de80b6c7-cd25-afcf-a953-9794fcca4155,TireóideIV-carcinomamedulareanaplásico,ROXO,20
6697144f-226c-4cb1-a8ad-88d0586e7131,CirurgiaGeral:Videolaparoscopia,AMARELO,21
9684f364-ca12-28a3-a25b-7dfe512d7fb3,Eletrocirurgia,ROXO,21
f9050412-d394-28af-20ce-ca268fa5daf7,SíndromedeFournier,AMARELO,21
5cdb62a7-6277-4e56-45ca-07f36f70f2b9,Quilotórax,ROXO,21
87f7c792-d485-8f3a-cdc8-f417235c1264,Insuficiênciacrônica,VERMELHO,21
78de85ec-bb5e-5786-b35b-a38d1cf2bc76,Síndromescompressivas,ROXO,21
89330417-079a-ecc8-f64e-a618e8a67d06,NutrologiaemPediatria,VERMELHO,21
98fe9c01-63da-0c53-cf4c-4b5be7ad39c5,cuidadospaliativosempediatria,VERMELHO,21
571b0adb-7cb0-349f-31ba-b95f92cfcb46,IntoxicaçõesePeçonhentos,VERDE,21
023fe0fb-36e8-ab61-4dd7-08c235abc595,VigilanciaemSaúde,VERDE,21
4dd69c43-9551-cbc8-fd79-531049507193,MCCP,VERDE,21
c829586f-0990-b059-e25f-dd7ce15f0d79,AvaliaçãodaVitalidadeFetal,VERDE,21
7afc3ff2-ecfa-4401-05db-0b5fcd62fd5e,SofirmentoFetalCronico,AMARELO,21
f66a2dcb-ff97-fcdd-134f-f2e06764f51c,Anticoncepçãoemsituaçõesespeciais,AMARELO,21
66312839-affc-7299-b16c-a1402eb4af94,Anticoncepção-métodosdisponíveis,VERDE,21
45bba0d6-0753-110f-f5dd-d590a48d245c,Fragilidade,AMARELO,21
355fa8c4-dd9d-e799-ac22-26841194908f,Incontinênciaurinárianoidoso,VERMELHO,21
fdc582bb-3b7a-050f-ef2b-c4b92292123f,Insuficiênciacognitiva:Deliriumnoidoso,AMARELO,21
036b3c47-dc7f-99a5-f5fb-dc9d853c13b4,InsuficiênciaCognitiva:Demência,VERDE,21
060b4370-c00d-d11b-8a76-b40bf5d6acfc,Depressãonoidoso,VERDE,21
ac88185d-ca76-c371-56da-1e5e66905b34,TranstornodehumorparteI,AMARELO,21
e02790c8-1d9c-2635-7e4a-900d2b56a5be,TranstornodehumorparteII:antidepresivos,AMARELO,21
979c54f4-0b50-6fc2-0fc6-af6059813eaa,TranstornodehumorparteIII:síndromemaníacaetranstornobipolar,VERMELHO,22
55dc821b-2497-a570-1cfc-9c70c5ffe4f7,TranstornodehumorparteIV:fatoresderiscoparasuicídio,AMARELO,22
2050a0a6-cc38-0945-2fd2-9dfa4b406180,Emergênciaspsiquátricas,VERDE,22
0dbe569e-0066-a855-a6ca-64914ac3c24e,DoençaInflamatóriaIntestinal-parte1,ROXO,22
39b686a7-7bb3-73c5-194f-90e989f9e862,DoençaInflamatóriaIntestinal-parte2,ROXO,22
f97ec329-5878-08fb-4671-ae44e15e4989,Nutriçãoperioperatória,ROXO,22
adaa44b9-9869-bc83-8216-de146793b723,Avaliaçãopré-anestésica,ROXO,22
a91ece8f-2b84-6cbf-eb19-2f96fe1f1c05,ParatieoideI-conceitosiniciais,ROXO,22
01562e9c-b333-4fb5-900d-240c732292de,ParatireoideII-Hiperparatireoidismoprimario,ROXO,22
fe8d40cf-77ac-80bf-b4d9-702ca1945c93,ParatireoideIII-Hiperparatireoidismosecundarioeterciario,ROXO,22
837da709-1320-d975-a127-54363aeb0e31,anomaliascongenitasemcabeçaepescoço,AMARELO,22
85779f4c-c047-5b7a-4349-3f5925e889cb,câncerdepelenãomelanoma,VERMELHO,22
5d75a20f-1466-88a4-d490-27bca373c7e3,Mama-ginecomastia,ROXO,22
d353ba49-186c-d34a-e7d0-80299bf23936,Mama-hipertrofiamamária,ROXO,22
abf0bbc4-1d84-5289-88bf-ddb5ccee3e4f,"Mama-BIA,ALCLesíndromeAsia",ROXO,22
cbe7cb90-8796-0d88-87ab-bcecb86f4bd5,Mama-Reconstruçãodemama,ROXO,22
a904de6c-dfed-162c-b89f-dd1f88804c66,TumoreseLeucemias,VERDE,22
76d72243-63fa-d695-dbe5-fbfd51d072ea,IngestãoeAspiraçãodeCorpoEstranhoeBRUE,VERDE,22
cd107641-8c16-16be-7010-69995e0e4f23,ReSOAP,AMARELO,22
3af96277-9c5a-771d-b7a8-afd56eadb214,Processoepidêmico,VERDE,22
80653945-aabe-348c-765e-06022111f4be,Anticoncepção-FUNDAMENTOS,VERDE,22
d482506e-e177-b746-0fb6-54afe1a4fa11,cuidadosàsaudeLGBTQIAPN+,AMARELO,22
83de7a55-6fba-943e-cb8c-645f1730d107,Trabalhodepartoprematuro,VERDE,23
33402f92-2d72-94ad-a7e1-5e3e774ffdbc,colocurtoeincompetenciaistmocervical,VERDE,23
9ac910bf-94b2-0476-ab76-deb2abed049c,FisiologiadaCoagulação,AMARELO,23
9e76afae-4db3-dc53-8dd6-803ab4ed0122,Hemato:DistúrbiosdaHemostasia,AMARELO,23
3cc2cbf5-1c84-6a0b-7833-68a8b8158f03,ObesidadeConceitosGerais+TtoNãoFarmacológico,AMARELO,23
041c6a5a-d22a-5de8-e297-1cd7247498bf,ObesidadeTtoFarmacológicoecirugico,VERMELHO,23
2a777a99-ca50-cb6c-3343-b63e570045c3,síndromemetabólica,VERDE,23
3980f002-1b06-ca10-e670-bc5732721d40,Doençahepáticagordurosaassociadaadisfunçãometabólica(MAFLD),VERMELHO,23
ac617f24-994b-3be2-0b5f-f7cb4a9ae50a,Dislipidemia-classificaçãoediagnóstico,AMARELO,23
2ba166dd-2c34-8193-c54d-e1539c02fe54,tratamentodasdislipidemias,AMARELO,23
06f3f59e-1ce9-e7d5-fb07-0812f22d4088,SepsePediátrica,AMARELO,23
8db1b5cc-7434-a797-43b1-55716cbd1d6d,Disturbioshidroeletrolitico,AMARELO,23
4bd4692f-6300-db35-8219-3d42cf8f4577,DisturbioàcidoBásico,AMARELO,23
7ca044c3-d22d-ad49-26ba-2a9189a5ef82,ChoqueeDrogasVasoativas,AMARELO,23
240a1887-bbe8-cbad-2b1a-3a049c684111,AbordagemFamiliar,VERDE,23
ce9a48d9-dd46-49a0-03f9-24bed273532b,Abordagemcomunitária,VERDE,23
7b48ce1b-aec6-384f-caee-2009f054b8d3,gemelaridade,AMARELO,23
5dd6a155-bd9b-641e-0ff8-1160cbfeceaa,RestriçãodeCrescimentointrauterino,VERDE,23
18bd4279-5a75-90d3-402b-61b77540145f,Sangramentouterinoanormal-Leiomioma,VERDE,23
8e2d45ea-cd73-e5b1-84ca-b878df1847b3,Sangramentouterinoanormal-fundamentos,VERDE,23
2e01139e-95d3-ce9a-e54e-24d5aee362dd,PúrpuraTrombocitopênicaTrombótica(PTT),VERMELHO,23
95414440-b775-a726-53f5-94f0263f3d19,hemoterapia,VERMELHO,23
b91c4a03-4c50-fa0b-ef75-b46d4d0ea819,SíndromesMedulares,VERMELHO,24
ad434da9-dd0a-d0bd-0982-593bc9f718a2,DiscrasiasPlasmocitárias,AMARELO,24
42ba6ef8-d60f-7f0b-9166-e435149457d7,Alergia1:Reaçõesdehipersensibilidade:Parte01e02,AMARELO,24
5292d36e-7e2f-f2e3-102d-75ddefca55a1,Alergia2:RiniteAngioedemaeDPV,VERMELHO,24
05f92f74-64f8-f393-f106-8437531cf813,LesõesElementares,ROXO,24
fcc3b506-625d-ec1c-e8d1-5f8936a7f735,Hanseníase,AMARELO,24
eb769513-127f-0bb0-cb89-1794e4624d15,DermatosesBolhosas,ROXO,24
6bce7eca-a04b-5493-61a8-32ecc4811f2d,Psoríase,ROXO,24
f584c9fe-a413-e669-0b01-ed8bc854f4a8,PreparodeCólon,VERMELHO,24
a27135bc-98b4-a3f1-6bf9-8c6ee4fc8501,Póliposcolorretais,VERMELHO,24
c7a96ca8-be69-a762-8e12-80274859efd2,CAcolorretalprecoce,VERMELHO,24
ff06b4d6-4668-9a63-d939-fa5c34ad125f,CirurgiaVascular:Pédiabético,AMARELO,24
d7ce7927-fa1a-712c-f8ea-983fad2a4cce,CirurgiaVascular:Vasculites,ROXO,24
945a9c53-ac42-a1ef-0ad2-5851613f0934,SíndromesFebris,VERMELHO,24
93cabb72-1e47-4c9d-94d3-2aaf831ded46,HepatitesVirais,VERMELHO,24
ec3fce63-67dd-e189-7a01-a2e57456cd35,ImunodeficiênciasparaoPediatra,VERDE,24
5a27d5d7-b047-59a7-09f0-2ee4723246ed,"PolíticasPúblicasdeSaúdeI:PopulaçõesEspeciais(saúdeindígena,populaçãonegraepopulaçãoLGBTQIA+)",AMARELO,24
bdef7b88-461c-9781-ef8b-6adab35db957,PolíticasPúblicasdeSaúdeII:políticassetoriais,AMARELO,24
914bd741-0978-ce7b-1d01-d3319fcff707,PuerpérioFisiológico,AMARELO,24
da76c1ec-24d3-053d-4d37-ff5c0bcb4fab,PuerpérioPatológico,AMARELO,24
6c6c606d-3ecd-c9fd-9140-6f89a8721382,Sangramentouterinoanormal-Adenomiose,VERDE,24
a1b8d911-7338-c259-ed3d-af0d10939097,endometriose,VERDE,24
09f157a9-57b4-d6cf-dcab-6b86219b4ea4,EscleroseSistêmica,AMARELO,25
bacbd12f-40e1-b19b-d637-1ff288195c64,SíndromedeSjogren,VERMELHO,25
8b2d3102-9c4f-2c78-835a-f8e2b187447b,Lúpus,VERDE,25
8ab5df3c-016f-0e61-542e-b679898f708e,ParasitosesIntestinais,AMARELO,25
9190c2ae-2548-446d-acad-07d1b3d3a38b,DoençasViraisePandêmicas,VERDE,25
fcd13abb-f937-1d66-f1d0-54232a4cd859,Regiãoinguinaledistopiastesticulares,VERMELHO,25
31c0a963-5199-3902-db6b-36d06f095466,Defeitosdaparedeadominal,AMARELO,25
a05c8bcd-ad81-f812-4eee-5e9abb7c8692,CirurgiaTorácica:CâncerdePulmão(parte1),AMARELO,25
e9323f90-5916-9c8d-a02e-b3e0da524e34,CirurgiaTorácica:CâncerdePulmão(parte2),AMARELO,25
e6fde8f2-b13b-adae-ebd8-003c975a4488,Ortopedia:Geral,AMARELO,25
77362257-dca5-073a-a3a8-114ef2a46853,CirurgiaVascular:Síndromedodesfiladeirotorárico,ROXO,25
703e62ed-bd1e-922c-b325-eb537f98308d,"Politrauma,AfogamentoeQueimadura",AMARELO,25
a696463a-1755-8258-849f-f467a0d83389,TCEGraveeMorteencefálica,VERMELHO,25
c644233b-30bd-065f-d605-99928936acab,éticaempediátria-1,AMARELO,25
192d9d3f-2dda-382f-bbb2-40c72eb3b784,éticaempediátria-2,AMARELO,25
c0511a75-dff3-51d4-7132-09919b96dc4c,PolíticasEspecíficas:ReformaPsiquiátricaeRAPS-rededeatençãopsicossocial,VERDE,25
031f4d13-0c14-6792-053d-f7254bfedb97,HabilidadesdeComunicação-Parte1,AMARELO,25
e7cc3c1b-6ea1-4aac-6b0a-5c527d00a5f2,Hemorragiapósparto,VERDE,25
779373e3-4a9b-8ac6-b7f7-6ac4a4f343e5,AlteraçõesColpocitológicasecondutas,VERDE,25
bcdb4dc4-72bd-8418-0d86-6d14715c9c61,câncerdecolodeútero,VERDE,25
751f7cd2-b88d-e975-ed18-b4ec07a58685,Doençasdavulvaedavagina,VERMELHO,25
8fd3438f-2315-9069-08f5-8dfc658a38bd,Linfomas,AMARELO,25
4440080d-600c-6dbd-7521-6a0f1842ce3a,Leucemias,AMARELO,26
d5052d11-7f5b-8fd0-cec9-fc57af316d80,CirurgiaTorácica:CâncerdePulmão(parte3),VERMELHO,26
f68a5d82-2e29-8c9f-42a0-888c98ff4aca,CirurgiaTorácica:CâncerdePulmão(QUIZ),VERMELHO,26
60adb4ee-9c47-c93c-8dd5-5f7f58a5d05f,Mediastino,ROXO,26
e97b7456-d127-6250-3a7e-65283bd1311f,ComplicaçõesMediastinais,ROXO,26
d90d2bc2-14ec-66ee-8bbf-bda1ff1c6763,Pós-Operatório,VERMELHO,26
1c0a871f-e25b-cb33-37b3-fda60c4b87a9,Ortopedia:Traumatologia,AMARELO,26
e4ee281c-909d-a4be-21a0-c1fa409e8be4,PsiquiatriadaInfânciaeAdolescência,VERMELHO,26
ea653ac7-0b0f-4289-8674-962d62688dc1,Sonoeseusdistúrbios,VERMELHO,26
2d20b192-d2e6-ca24-43f3-f837b819542d,malformaçõesdosistenmanervoso,ROXO,26
5f7b5270-862e-a813-2930-da59678d36f2,SúdePlanetária,AMARELO,26
2fb00134-e97d-2e77-3864-c1208c508ada,HabilidadesdeComunicação-Parte2,AMARELO,26
c03ff674-2aa5-be32-dff5-e71d2f05f568,CâncerdeMama-rastreamento,VERDE,26
23d8cb46-c23d-41fe-ee22-3cb18ccb695b,CâncerdeMama-fatresderiscoeCDIS,VERDE,26
40c6881c-0ca8-3a48-290e-a6e1581ce904,CâncerdeMama-doençainvasiva,AMARELO,26
c606204b-c185-2ac4-57b0-3642df31111c,TumoresAnexiais,AMARELO,26
f7a109de-be6a-a166-47f8-c58145cc7ab4,CâncerdeOvário,AMARELO,26
d35ad8c5-d785-f050-2770-47773caf1d31,TranstornodeAnsiedade,AMARELO,26
202611b8-4ae0-e383-cdfa-360de340761b,TranstornoPsicótico,VERMELHO,26
448d92d2-115c-759f-6a50-e6fbc0339ca4,TranstornosRelacionadosaSubstâncias-Álcool,AMARELO,26
90845069-2f9c-b7cb-25fa-d07bfa34d5af,Transtornoalimentaresesomatoformes,VERMELHO,26
f81d3fb4-b91b-9d17-ae61-f05e42da53ab,Transtornodepersonalidade,VERMELHO,26
f4c9a782-dce6-24ca-4370-f1a41762afd4,rastreamentos,VERMELHO,27
74244127-c5f7-e648-ad3f-62804a804865,DoençasTraqueais,ROXO,27
e443cdca-9d98-5f71-ca77-443a004d0595,Bronquiectasiasehemoptise,ROXO,27
b850181c-a453-a1af-d48b-9a6c86e25df7,Bônus-DoençasdaParedeTorácica,ROXO,27
42e0844a-3a65-444a-d566-eda1ba229e05,QuizDoençasTraqueais,ROXO,27
c0c3a064-3b69-7ad5-80e4-3094debe171b,QuizDoençasdeParedeTorácica,ROXO,27
94735d5a-3687-1e50-e279-45c81ce59b6c,QuizBronquiectasiaehemoptise,ROXO,27
5ae9df8c-8cab-957b-521c-d6bf0cda8770,Doençascongênitas,VERMELHO,27
f4071131-2610-3743-726d-0564fa6111cb,TransplanteCardíaco,VERMELHO,27
457f6230-573a-ceab-a998-2525cfd40130,Cefaleiasnainfância,AMARELO,27
45a06358-5847-cd6c-7719-724cd3ca9854,HipertensãoIntracranianaeHidrocefalia,ROXO,27
455827de-cffd-dee8-261a-2d94a4ed2b1a,EpilepsiasnaInfância-Parte1,ROXO,27
f5189861-e2d1-8325-df5f-85b81ed799e6,EpilepsiasnaInfância-Parte2,ROXO,27
e0a823bc-bd3a-1ecf-ca62-eb8416eee09c,EpilepsiasnaInfância-Parte3,ROXO,27
28f57b9e-049b-2ca2-5410-54a61a880aa7,Saúdedotrabalhador:Pneumoconicoses,VERDE,27
d2d446b0-1aba-8bd8-6e65-407c9b4d8caa,Medicinadotrabalho:acidentedetrabalho,VERDE,27
bc64f470-d9b7-08c7-978d-26c136082353,Síndromeclimatéria,VERDE,27
03121f43-d9de-5f23-2505-1c46001395c4,terapiadereposiçãohormonal,AMARELO,27
97c22ac1-73a2-f210-f049-a46b05d5d4d4,hiperplasiaendometrial,VERDE,27
d85c05e7-5727-146b-6289-b8a968f9f009,câncerdeendométrio,AMARELO,27
1b4a3f49-9bb0-ecc8-9475-58d5c7d9d130,OtologiaI,ROXO,27
2d7fdaec-bd1e-238a-ea4a-70cbdc46006d,OtologiaI,ROXO,27
43e68df1-cf8c-a827-3375-71517b104900,Oftalmologiaparaogeneralista-parteI,ROXO,28
e84e53d8-c29c-eb39-dc45-b4676255aa63,Oftalmologiaparaogeneralista-parteI,ROXO,28
fe3284a6-6a02-100d-77f4-2732833ad6d9,Rinologia,ROXO,28
4f30d8f5-00da-5fe8-a590-e768b08ba7a0,CirurgiaInfantil:Atresiadeesôfagoedoençadaviabiliar,ROXO,28
c0230977-6497-ed63-b3a2-9df7dfb38470,CirurgiaInfantil:Toraxpediátrico,ROXO,28
a8abf2d6-83ce-fddf-18e0-a6b7688b27b3,CIPEnoPS,AMARELO,28
fdf56ec6-b089-cb70-d406-3396effd5f59,VômitosnoRN/lactente,VERDE,28
7894482d-35c0-4208-8ea0-eb2ee5f42ba2,Ortopedia:Pediátrica,VERMELHO,28
634bfa8c-d050-e89e-45de-4d12c986b5b1,DoençadaAorta,ROXO,28
cefc2a2b-5d15-8901-9e41-dc0d99911fd5,Doençacoronariana,ROXO,28
e59df9ab-1cb8-e181-8b03-8dc51e02cd0e,SedoanalgesiaeSequênciaRápidadeIntubação,AMARELO,28
951fb304-91b9-a86e-ccc7-d260f9f3dce5,InsuficiênciaRespiratóriaeSíndromedoDesconfortoRespiratórioAgudoPediátrico(PARDS),VERMELHO,28
c961673e-fb18-0512-fccf-23feaf3cb885,VentilaçãoMecânica,VERMELHO,28
94d57406-55b7-e2a0-6ec5-1733fe917624,OrtopediaPediátrica,AMARELO,28
8f942087-3c62-d97d-8363-69e55593dca0,"Medicinalegal:declaraçãodeóbito,atestadoelaudos",AMARELO,28
1f49b151-dad3-f8ff-f632-46862ea31303,éticamédica,VERDE,28
758aac40-e6eb-48f5-f063-85b5963bb298,Infertilidade,VERDE,28
b80a3095-753e-1ddf-f6e2-f9513d937e8e,TécnicasdeReproduçãoAssistida,AMARELO,28
bd2a8f58-cf42-365c-2a04-f8cdc7197630,DiferençanodesenvolvimentoSecual,VERMELHO,28
01a89600-c9bc-5a9c-568a-692339be1eba,PuberdadePrecoceeTardia,AMARELO,28
57f630fc-9e6a-d9c2-6972-2928c58f9bf4,BucofaringolaringologiaI,ROXO,28
597952b3-ebcb-ab2c-5f85-281348b1a336,CirurgiaInfantil:Doençascervicaisnainfância,ROXO,28
cb9051c2-364a-3d08-7df7-e52e3b4b37d2,Cirurgiainfantil:Tumoresdainfância,ROXO,29
183520da-5eb1-9493-c7dd-c816f5bff1f0,TumoresdoIntestinoDelgado,ROXO,29
3a9d122c-cf30-811f-4c6b-adfe746ede3c,SII,ROXO,29
4d831278-426e-57c4-303b-64fe0e4ea597,Endometriose,ROXO,29
692684ea-abb5-3cba-a0cc-389fc365044c,Distúrbiosdoassoalhopélvico,ROXO,29
04b12d85-e401-16ff-28c6-749b10d0d8b4,Cistopilonidal,ROXO,29
57ead6d8-da62-456a-de0a-12b3792875a9,"Monitorizaçãoemanestesia(Profundidadeanestésica,Junçãoneuromuscular,CapnografiaeOximetria)",ROXO,29
b1219bb5-6e85-4fa4-6c1a-08de290bf62c,"Técnicasanestésicas1:Anestesiageral(agentesopióides,indutoreseBNM)",ROXO,29
ae3a049e-2ede-8c76-266a-ab98683b2112,DoençasValvares,ROXO,29
49326490-9906-ef08-bad6-cfe8be1bde4a,CirurgiaPEDnoPS,ROXO,29
9e491e3c-668a-68ea-3d0a-2f20fb4c3ed0,UropediatriaeHérnias,ROXO,29
d6a5be9a-e31c-04d9-946f-965f8f8fdd9a,Malformaçõescongênitas,ROXO,29
3c211de1-4ed7-b0af-9f62-a342db3bae8b,Malformaçõescongênitas,ROXO,29
dbd0ea30-40aa-aa03-f446-e0816448b938,Saúdedotrabalhador:lesõesmusculoesqueléticas,VERMELHO,29
638f4e07-bdb1-62a5-2bdd-966622815c23,"Saúdedotrabalhador:intoxicações,pairoebournour",AMARELO,29
dd179fda-fb52-1f37-3c31-56c845af7260,TrombofiliasnaGestaçãoePuerpério,AMARELO,29
45bd3e3f-3ecd-5c0f-18cc-603a2625859c,DistúrbiosPsiquiátricosnaGestaçãoePósparto,VERMELHO,29
a67a0e87-0e72-6a7d-8fec-431b4ed45957,outrasurgênciasginecológicas,VERMELHO,29
8b5646c6-82c1-a3d6-056b-8335c72cde3e,cirurgiaginecológica,AMARELO,29
853b6874-58c5-d773-1735-33d70a379609,BucofaringolaringologiaII,ROXO,29
a460a235-df24-3e60-8ca6-21295b22c570,Resumão/encerramento,VERDE,29
a5e6ff61-ad02-b225-e672-0a325d7672e7,DoençascirúrgicasdoBaço,ROXO,29
63300f2e-8927-3d0d-f7d6-b188205c19f6,Técnicasanestésicas2:Anestésicoslocaiseanestesiaregional(bloqueiosdenervoperiférico),ROXO,30
1739f4da-10fc-609f-b02d-41c6088574e5,Técnicasanestésicas3:Bloqueiodeneuroeixo(RaquianestesiaePeridural),ROXO,30
5c18081e-a661-d499-7db6-3c4f44239c8e,Neurocirurgia:Emergênciasneurocirúrgicas,ROXO,30
9ab77521-5933-a39e-dbd1-1f3cb352a1a9,Neurocirurgia:demaisassuntos,ROXO,30
b7c38721-d9bf-b5eb-e038-48b0771f5729,OftalmoPediatria1,ROXO,30
6bed86b8-c4d8-430e-3060-ac7189454342,OftalmoPediatria2:doençaspediátricas,ROXO,30
32585d4e-94d3-ad14-39f5-72e6139a1826,OtorrinoPediatria1,ROXO,30
7fb065ba-4ca2-bf2f-ec15-f883691cfefe,OtorrinoPediatria2,ROXO,30
e5cc16b8-2ffa-aa8b-6272-38d6d39cc355,DoençassistêmicascomacometimentodoSistemanervosocentral,ROXO,30
6cd27372-fd0c-cb96-e431-faa2a075332f,"OutrostópicosdeSaúdeColetiva:AvaliaçãoemSaúde,tecnolgoiaemSaúdeeSegurançadoPaciente",VERMELHO,30
3a10700b-9e02-d2e4-7e73-016f148804ae,Saúdedotrabalhador:dermatoses,VERMELHO,30
381eb27a-f2c9-5d5e-225d-b69f3a834604,MalformaçõesCongênitas,AMARELO,30
e9fd5dad-7a56-018b-17fa-aed5aec1d2f4,RastreamentodeAneuploidias,AMARELO,30
9d9bd4bc-6693-f23e-6763-da7dddd2ddb8,Procedimentosinvasisvosemmedicinafetal,VERMELHO,30
781e9e87-32df-534f-77d0-2fe2599c2abe,DoençasHemolíticaPerinatal,AMARELO,30